,Y Actual (80/20),y_pred_xgb_80_20,y_pred_rf_80_20
0,1973,1100.68505859375,2893.7203264791483
1,93,-1735.3662109375,1636.56835353671
2,558,1073.125244140625,1091.7433482935332
3,1741,2198.470703125,2325.642374072943
4,73,154.02423095703125,456.7058688384597
5,5,295.2116394042969,995.4398538222721
6,5017,4461.6533203125,5375.903473774341
7,128,874.7432861328125,2078.6997515497023
8,156707,135424.921875,130562.4417619184
9,824,789.3043212890625,2658.085865153968
10,154213,134337.375,128682.2946671243
11,1592,516.2658081054688,1490.9760783564382
12,849,1389.327392578125,2902.8040983947367
13,2946,3259.380859375,5653.050499894034
14,766,463.73358154296875,3798.0668671573303
15,110,49.61109161376953,2248.2785455813164
16,10141,10305.1884765625,10023.391698548065
17,3169,3577.718017578125,7201.948793817066
18,231,612.0341186523438,2109.3449000904507
19,1433,-695.6520385742188,679.5994561945404
20,3145,3416.85986328125,4506.079170090814
21,32912,36583.55078125,44237.863652378786
22,272,555.2921142578125,4852.368755041134
23,2915,2995.347412109375,6819.055651612695
24,287,645.5611572265625,3321.790554151641
25,766,1233.9188232421875,2921.984228509551
26,32628,35171.94140625,41429.94834256796
27,787,1495.404052734375,3199.704069473393
28,39354,36362.125,44941.620034117615
29,2874,2918.93359375,4180.305772919266
30,24,131.9031219482422,1517.881390745406
31,3019,3221.04150390625,4417.507598845613
32,133544,131802.625,128926.16570624868
33,1631,1530.8038330078125,2165.174273659742
34,264,457.2388610839844,2128.9687386808746
35,22,-131.12847900390625,942.8065184041436
36,22,-1273.71875,5107.962208536217
37,9368,10240.6513671875,10034.660534800185
38,856,1303.86328125,3124.747581887976
39,263,533.044677734375,2819.730641372363
40,22,113.07838439941406,1290.6194614869871
41,135,886.520751953125,2178.086660250949
42,3188,3140.46728515625,5700.33367409313
43,816,1105.3131103515625,4073.67558638937
44,284318,273216.53125,264798.83836348244
45,298,-482.8332214355469,5106.228778928341
46,1000,-735.7885131835938,2043.5206163560692
47,283308,264534.5625,265032.7148895441
48,284273,286933.3125,276679.1726921093
49,289876,288354.96875,279026.9467626937
50,756,1741.1004638671875,2482.797758623194
51,645,369.7543640136719,1358.3382971926333
52,280522,275820.8125,269816.5308846274
53,205,-66.22686004638672,728.2750699456783
54,4,-37.764400482177734,903.6137854956069
55,58,2282.65185546875,6905.341873510661
56,81,59.41572189331055,756.7752254548232
57,729,819.0473022460938,2522.8335619472005
58,285470,291810.1875,279719.4121324872
59,21,-451.16632080078125,1639.7732283109337
60,529,941.6669921875,1100.0435876829274
61,22,620.4700927734375,1913.013766744949
62,757,800.22265625,1881.708631936129
63,3003,3582.522705078125,5628.556246261269
64,789,1620.3232421875,2778.6887654454954
65,113,-653.7496337890625,1461.3794870333534
66,31857,34585.48046875,42140.16925040977
67,22,282.8801574707031,1334.2267061548766
68,151968,129149.4296875,127848.01599587132
69,1572,1877.21044921875,2089.7818323115425
70,1593,1504.9410400390625,1954.132817456245
71,74,-1504.7462158203125,727.376932190529
72,297024,275742.90625,265818.28428987117
73,1043,941.6669921875,1096.927709375826
74,731,1018.7415771484375,2805.0491370271325
75,81,410.1363830566406,574.3137840075889
76,85,475.56793212890625,783.3354763596273
77,682,1234.6951904296875,4045.8955376480108
78,1989,1741.1004638671875,2556.8019869099485
79,544,496.1961364746094,1129.9759609982489
80,780,381.5017395019531,2360.926785087335
81,294464,275524.90625,269218.8789194463
82,3324,2958.896240234375,5165.7623840585875
83,254,-415.6583251953125,2235.409718672186
84,300325,292991.5625,277822.42785042163
85,705,976.9024047851562,1075.8937804965012
86,2942,3773.73876953125,4591.498741351429
87,42763,36521.00390625,45000.80722484376
88,578,1037.9910888671875,1263.415665069364
89,817,1586.8623046875,3775.1479245732507
90,655,970.7389526367188,1192.5605906684077
91,296200,290270.3125,276582.74406910804
92,647,985.7302856445312,1258.6283326089224
93,3055,-136.95025634765625,1401.0326575652184
94,3552,1741.1004638671875,2832.93978370622
95,265,1026.7808837890625,2581.443338501913
96,304051,280026.84375,268417.71877927147
97,10817,10689.1650390625,10147.60908237148
98,11528,10765.9951171875,10032.274141750147
99,250,56.741371154785156,3375.3462702432744
100,5091,4537.57470703125,5544.680607085987
101,2981,3402.134033203125,7308.432770029665
102,21,-240.7658233642578,2656.057458383368
103,258,645.5611572265625,3730.082004669052
104,838,646.3236694335938,4391.513749529801
105,801,980.72119140625,2920.2201324066677
106,3262,3297.400634765625,5171.449679579874
107,637,547.6456909179688,1274.2635160883785
108,32640,35306.4453125,40970.518373329214
109,1073,1782.5400390625,2441.1243556642903
110,295,32.15656280517578,601.2205745042593
111,283743,276359.34375,269982.90290734085
112,23,250.66616821289062,791.8156079205555
113,11265,10671.92578125,10240.872590949735
114,265,-168.84683227539062,3900.637448136808
115,3010,3502.33349609375,5150.610859374904
116,12043,10659.1455078125,10125.729527650328
117,131,524.6585693359375,1334.0399046946595
118,282853,274571.1875,269646.6943965075
119,1626,1843.2591552734375,2040.242295159034
120,82,122.52408599853516,892.1780985326749
121,128,1242.3594970703125,1619.9583441858924
122,148,874.7432861328125,1553.054091762908
123,1881,1819.8017578125,2148.5856522182307
124,4,-265.9423522949219,1287.3537210467555
125,1310,2332.14697265625,3293.8502716536973
126,265,531.5921630859375,1832.9276516678476
127,1345,1086.851318359375,6542.858463875042
128,271,837.927734375,2583.6347590275273
129,289754,279808.40625,271901.70449817646
130,300796,290163.59375,265365.5023913243
131,1113,941.6669921875,1144.7038787800775
132,23,113.07838439941406,975.0024295582089
133,3580,1977.508544921875,2139.976183504433
134,5678,4178.18212890625,5112.711839918383
135,3026,3582.522705078125,5641.402818071391
136,29887,29396.728515625,45483.55930681545
137,22,-63.87316131591797,2075.0153827087597
138,3126,3419.54931640625,8028.804909685678
139,5957,4301.48486328125,5092.50216925843
140,2883,3099.322265625,4103.270823125326
141,147613,130178.6875,130336.26772830193
142,10290,10295.455078125,10014.648903053036
143,263,-1730.4117431640625,3002.859307289603
144,10143,10551.46484375,10190.409749167626
145,978,1176.280517578125,3418.003505954138
146,565,1157.837158203125,1132.701467913383
147,872,926.816650390625,2087.650625256191
148,752,1233.9188232421875,3060.7727410200055
149,114478,132395.234375,127414.44036733397
150,724,1203.1981201171875,3638.1985984232756
151,771,574.919677734375,3187.2744213443393
152,3285,4026.91015625,7527.193151667157
153,3023,3272.31298828125,5175.0037639281545
154,10802,10598.763671875,9981.783310375815
155,649,761.7560424804688,1093.0610023952531
156,2975,1825.33154296875,6337.753646789181
157,29389,35919.28125,41779.38731056627
158,23,437.5357360839844,3260.1346244641877
159,283723,273216.53125,264798.83836348244
160,789,1233.9188232421875,3061.0459219947656
161,10135,10457.072265625,10120.252313032457
162,286330,292991.5625,274601.36255089875
163,738,743.630859375,2752.3826549071814
164,832,1314.97412109375,2662.4937533451152
165,791,1155.64892578125,4291.053908455236
166,7319,4572.1298828125,5989.252773552947
167,137833,127969.7265625,127869.86958997903
168,1375,447.7289733886719,1426.2951555651919
169,22,131.20358276367188,1339.2813187951367
170,259,533.044677734375,3268.649646110511
171,128008,131884.390625,129828.13550002471
172,2254,1391.015380859375,2617.611698214241
173,291086,275860.03125,264537.6668029431
174,292,-63.52954864501953,3503.5721879993675
175,261,-132.6998291015625,1942.0966021878974
176,23,171.8079833984375,673.7164545182256
177,784,1620.3232421875,2778.6887654454954
178,3133,3555.47021484375,6454.374165899882
179,1925,1876.317138671875,2285.239034318357
180,284,605.6498413085938,1524.897527697847
181,131,504.815673828125,1490.9333280845055
182,10633,10217.966796875,10317.95673306207
183,21,-249.7041778564453,3300.244916104047
184,828,993.9773559570312,3671.4166373762923
185,295938,278542.0625,270225.47226547304
186,286,-32.74055099487305,2406.8520605016006
187,6657,4228.419921875,5268.838692169666
188,269,379.70819091796875,2817.858555181173
189,662,1394.1717529296875,1584.6039574101264
190,3206,1423.360595703125,2955.3125573972907
191,144,1067.859619140625,1740.03485759515
192,691,1744.0877685546875,2798.4919959039426
193,42207,44720.90625,51810.678643683386
194,88,831.748779296875,961.0182528218168
195,112422,131669.140625,127133.46882549765
196,137084,135821.140625,130319.16329417715
197,300712,292291.65625,280635.7833230989
198,277,-150.5610809326172,2248.7018565239337
199,288244,274306.53125,269181.4353517793
200,4,-548.34912109375,2185.487511248179
201,2965,3956.17724609375,6510.022992726703
202,10257,10295.455078125,10109.058099923599
203,534,766.0281372070312,1093.6376310311969
204,270,241.4257354736328,3170.559987004548
205,273,-63.52954864501953,2916.4261854457036
206,773,734.4478759765625,3373.9307541807157
207,271,110.32817077636719,2500.3097475215536
208,153,676.1094970703125,1557.2295088318945
209,124,610.095703125,2075.1507561505755
210,199,-1172.9434814453125,1358.3463869740244
211,2317,5145.72802734375,6262.673899352618
212,791,-1273.5291748046875,4031.293941458566
213,106761,126760.9765625,127518.49712272848
214,139332,126678.8125,126740.74280080365
215,1557,1870.698486328125,2778.3841166004327
216,4,140.30772399902344,813.5338006731342
217,2107,4747.798828125,5546.179059050208
218,169939,132213.8125,126244.28772808217
219,288056,295074.6875,260730.41786411917
220,12190,10649.943359375,10201.968968791343
221,863,1259.27197265625,4657.87412782924
222,4407,3393.97412109375,6142.3108232309205
223,157189,134382.25,128865.41850716564
224,3233,2890.0302734375,7773.906804863275
225,294828,291810.1875,277516.9578419772
226,307,-310.77203369140625,2140.16537315487
227,767,432.9945983886719,2218.865536165988
228,2951,3554.017822265625,5272.3221840150345
229,292,844.3428344726562,2384.9908955447886
230,137,855.9186401367188,1370.8182920393515
231,2068,556.0016479492188,1193.2001437901345
232,141,734.8837280273438,1299.7753304265423
233,810,1276.81103515625,2693.687652535028
234,150238,134532.234375,130328.742229879
235,122536,128416.84375,128775.45398083316
236,7007,1253.2041015625,3680.9337474133267
237,12790,10217.966796875,10331.91643133432
238,33189,35841.78515625,43101.49864556527
239,745,792.1587524414062,1725.432517176137
240,21,-1819.6881103515625,2671.463390900331
241,3058,3193.796875,6622.33258587236
242,1719,580.3917846679688,3278.7210880322514
243,287,730.6521606445312,2503.6497350696704
244,276,645.5611572265625,1941.6676040986647
245,289264,273424.0,269512.25648480165
246,756,1234.6717529296875,2982.154876372043
247,645,738.8028564453125,1072.066091906674
248,165,22.955230712890625,810.3598321323233
249,2977,3272.31298828125,6988.723404111052
250,2101,1758.547119140625,3401.5020737252717
251,71,341.3774108886719,722.0384688331761
252,24,-286.1555480957031,1900.3811658599911
253,25,508.3092956542969,1456.5494828131539
254,289884,279080.59375,268921.43732616294
255,287520,290387.28125,276861.1667301394
256,772,853.6261596679688,4818.3153894786265
257,23,263.3023986816406,2096.3307809486405
258,115271,130804.796875,129823.42599091127
259,31585,34585.48046875,43994.714146556
260,22,437.5357360839844,3151.204529763342
261,22,104.55966186523438,992.9513441447252
262,372,161.5360107421875,2935.3290954797176
263,264,420.19097900390625,2988.5950762411844
264,4,216.47694396972656,839.6147216978721
265,3081,3956.17724609375,6639.914981051107
266,3334,4264.591796875,6115.752047016291
267,765,1738.333251953125,2745.970098358423
268,2130,4464.640625,5569.644018725394
269,1436,1720.3218994140625,2094.8501561731086
270,21,-121.29452514648438,2998.774924823902
271,13914,12489.9169921875,10775.26538625971
272,10168,10423.7177734375,10234.926434560753
273,23,47.462608337402344,3483.718646788013
274,1396,3130.910400390625,8244.06152545595
275,87,588.1192016601562,826.4108463399996
276,298,51.53561782836914,3797.5235165877493
277,285839,291188.5,263225.1324474614
278,110619,131802.625,129056.05404741854
279,298625,292991.5625,280427.6591404494
280,1050,726.5206298828125,1144.9812855416415
281,1558,1450.25537109375,2051.4548091871757
282,1337,3457.783447265625,8383.101797453222
283,269,531.5921630859375,3075.963996020285
284,278,73.56822204589844,2122.505173767847
285,10128,10345.130859375,10091.136874312466
286,290718,281494.5,273512.7884471211
287,23,445.7546081542969,1277.9478428839777
288,6537,4301.48486328125,5387.315460460116
289,30867,31212.93359375,41875.5492131904
290,12034,10765.9951171875,9925.763572705422
291,640,1197.05859375,1257.390880369324
292,735,1018.7415771484375,2681.9131160894085
293,12099,10637.9853515625,9948.641098848746
294,6074,5776.14501953125,7201.970386232172
295,291985,289020.6875,271350.17779727554
296,1615,1310.505859375,1185.5043528134706
297,266,-27.078224182128906,4320.65660058055
298,3671,3218.1865234375,6017.541896529012
299,287908,288955.53125,275371.6958315275
300,7364,8120.51953125,10168.2256162858
301,765,1064.190673828125,3685.1108341634413
302,289,394.433837890625,1345.2200753880188
303,96,21.475616455078125,483.7758143149468
304,762,1985.07666015625,2944.247166832359
305,614,761.7560424804688,1114.3261583057742
306,118434,132353.546875,129170.28656507177
307,797,611.0668334960938,2894.570962276376
308,14007,10913.849609375,10085.979258606543
309,36464,34072.5546875,42083.595979652644
310,2950,3253.949462890625,6932.66553405972
311,792,1234.6717529296875,2988.193968863932
312,23,786.5416870117188,1460.5205456509373
313,21,-286.1555480957031,1902.6270176448681
314,285867,288436.34375,278640.5393641915
315,146532,130858.4921875,129287.37553244288
316,3143,2660.160888671875,4387.575910809649
317,10051,10435.0869140625,10040.839735461685
318,8264,4130.3427734375,5884.352971270997
319,23,2171.316162109375,5988.420522641812
320,3730,4197.00634765625,5417.553972978177
321,2054,1893.5582275390625,2221.7880223375587
322,512,867.2269287109375,1188.8153909639818
323,92,393.8446044921875,396.8868284872872
324,80,213.93356323242188,466.597618833594
325,1345,-2368.506103515625,7473.236938400519
326,33044,30602.36328125,41198.313772110625
327,10666,10188.60546875,10215.894247731285
328,295662,290885.75,265281.291866183
329,746,980.72119140625,3091.6882412540212
330,1336,631.1248168945312,1294.8555534897582
331,116566,131909.9375,127835.87954178167
332,737,733.9788208007812,1334.0869877264802
333,22,-97.69708251953125,2424.421782155399
334,546,1010.8536987304688,1130.3371845618722
335,170838,129299.421875,128692.48202420613
336,267,447.69384765625,2433.192892708914
337,292978,274571.1875,266701.44999187964
338,800,483.01251220703125,2671.3775305381964
339,290976,289020.6875,278624.5553698942
340,137,126.49412536621094,1367.5851737474045
341,6918,4537.57470703125,5672.192381744324
342,38534,35706.9765625,45985.69022467582
343,22,-584.8907470703125,1139.334506761191
344,10557,10964.6787109375,10224.056207999663
345,2888,3109.15673828125,6504.991495200025
346,32887,37815.74609375,44242.272811860894
347,150530,131949.15625,126339.46663973322
348,11507,10812.337890625,10152.865287175757
349,767,1934.2164306640625,3130.709920082987
350,4,22.228307723999023,1463.4447852765638
351,31437,30019.654296875,42454.94018030833
352,3012,3400.72412109375,5717.5149859268495
353,297777,288354.96875,278269.99444128835
354,4,293.31585693359375,860.96870053147
355,290864,272170.46875,269070.37376464123
356,1726,1414.8365478515625,2892.317052574416
357,21,-286.1555480957031,1389.8306440884312
358,291218,294509.375,272988.6507712559
359,290184,264534.5625,262979.8500171973
360,3282,591.556396484375,1966.2560682382098
361,284,351.7056884765625,2595.482815063648
362,23,252.71102905273438,1771.2293798344415
363,6691,7317.50341796875,10460.550477265238
364,3095,2761.67138671875,4616.331881763093
365,299837,273441.46875,270202.6087497757
366,5,504.53173828125,728.696904509751
367,23,403.88372802734375,1367.733396255936
368,258,225.50460815429688,2818.0385984218574
369,787,680.2371826171875,3043.857122350207
370,291451,292280.125,262703.07728737366
371,3105,3513.3310546875,5240.88431808016
372,749,970.8876342773438,2206.4587491282496
373,555,761.7560424804688,1112.5308876608112
374,288005,293054.21875,281429.15149890934
375,284808,275143.90625,269345.7255958251
376,616,1465.5849609375,1271.8694706483016
377,3079,3418.75537109375,6455.407981899427
378,1850,1635.820556640625,2736.601055605663
379,291893,274306.53125,266801.1770758229
380,2628,1148.2366943359375,3064.5519066188567
381,83,439.3879089355469,579.1968259198081
382,3082,3342.850830078125,5619.219226132497
383,26,393.5067138671875,6596.938378893605
384,1969,1721.232421875,3298.608480699062
385,778,1412.146728515625,2979.3015456698577
386,772,1261.723876953125,3768.698094017996
387,6,-699.3729858398438,1292.274836885212
388,4,-257.64227294921875,1807.7935057463028
389,22,352.0716857910156,1245.0441423827374
390,750,1111.5001220703125,2980.1380540040905
391,96,-31.556583404541016,1093.666000102361
392,143009,135916.296875,129769.7159336217
393,301327,275524.90625,269574.6225668722
394,13079,10945.978515625,10303.57225990153
395,2286,4461.6533203125,5474.680850036991
396,30911,35120.8203125,45019.50755429106
397,274,411.8828430175781,2833.3559118984704
398,1933,1154.926513671875,2422.556227276438
399,479,855.9186401367188,1369.030303285473
400,3516,3434.308837890625,5989.166152957775
401,146,855.7390747070312,1745.124882722165
402,22,71.62911987304688,1900.376164469248
403,280,241.4257354736328,1532.3228257667965
404,293225,276359.34375,269957.6469953503
405,4,-345.7080993652344,1093.666000102361
406,688,1487.902587890625,2889.338693716826
407,21,113.07838439941406,1582.92398007745
408,502,941.6669921875,1096.7901463243825
409,341,250.2109375,4314.66487111983
410,286,369.645263671875,2346.9327086978474
411,780,878.2621459960938,3860.591207969043
412,84,295.5556640625,464.0115783327007
413,25,-1419.7197265625,2852.4747808575726
414,5276,4356.37451171875,5231.921206783744
415,1447,996.5604248046875,2871.430422117438
416,3031,3378.9521484375,5023.685278602127
417,810,973.2509155273438,3073.0452415750606
418,3112,4110.8525390625,6215.009130446865
419,282508,274605.375,269281.5215302442
420,303100,294888.40625,259789.99060311666
421,271,105.78215789794922,2637.338049374349
422,23,508.0261535644531,672.3736480857781
423,138732,126678.8125,126648.27187177981
424,722,1150.373291015625,1244.9903334341275
425,485,918.4780883789062,1184.9554282981624
426,3009,2958.896240234375,5694.725610109275
427,75,66.32177734375,684.8149546092277
428,737,1276.81103515625,2693.349363572828
429,782,680.2371826171875,2733.652908847075
430,260,490.1523132324219,2821.0910955320046
431,632,1183.589111328125,1402.801808035341
432,135826,130897.71875,127260.38364814658
433,2984,3390.1328125,5028.506385826154
434,23,-104.58451843261719,1393.1512088289935
435,22,131.9031219482422,1424.0624451858066
436,11427,3989.863525390625,5873.686453845149
437,3338,3095.993896484375,4509.930948894444
438,767,1138.2000732421875,2908.444281555675
439,771,921.6966552734375,3215.993453138221
440,149,112.53855895996094,724.5859139123629
441,10283,10266.2412109375,10154.62478029949
442,568,730.3387451171875,1084.332190357033
443,722,1701.3548583984375,3469.7331912944064
444,285353,292240.90625,273332.02346917277
445,22,447.46441650390625,1431.77876223931
446,791,1276.81103515625,3374.392094288873
447,982,368.3608093261719,1232.9708793562022
448,718,1222.3883056640625,1867.989376981426
449,1565,1608.1456298828125,1990.760829655408
450,2731,1592.8779296875,2029.1309515035252
451,23,597.6885986328125,1989.6565675332079
452,127,801.67724609375,1453.7340098648651
453,22,30.368276596069336,2066.991308094619
454,781,996.7609252929688,3479.747437791525
455,792,975.291015625,3145.362611631331
456,31738,36676.6953125,39707.41850277852
457,34975,28570.6796875,41894.725322003236
458,3112,3555.47021484375,4746.5994798994325
459,84,393.8446044921875,457.74174112941364
460,34495,36676.6953125,39695.55681093616
461,155677,271588.21875,269565.43143825996
462,12460,10688.3955078125,10132.946688265783
463,76,721.5911254882812,640.5624705660534
464,12275,11413.15234375,10693.30435988866
465,152443,130514.1640625,129728.8144337556
466,855,-1283.52099609375,4095.018355964961
467,1768,1741.1004638671875,2560.9502189837167
468,295982,278542.0625,266804.8790241397
469,3060,3272.31298828125,5165.817983828872
470,74,21.475616455078125,414.39717072810674
471,5,-417.6189880371094,1430.0157458390531
472,287489,292015.46875,262836.51155028166
473,421,3196.95703125,5988.8311169247845
474,2602,4535.6787109375,5571.276769065439
475,266,309.20745849609375,2567.2320303946763
476,34009,36707.61328125,46621.70865451128
477,425,-259.2527770996094,1013.8556468988487
478,737,1038.0216064453125,2733.4126656907683
479,287673,276398.5625,264875.40311419184
480,826,372.2691650390625,4473.98690241758
481,304388,290885.75,265268.714466615
482,9400,10420.6552734375,9965.775947286307
483,33730,34073.6015625,39056.94756955663
484,3129,3628.0751953125,6454.374165899882
485,294172,275524.90625,270007.1272619013
486,281,419.66314697265625,2397.25532759632
487,1954,1603.2637939453125,2102.4923566184134
488,2027,1644.3460693359375,2420.026959338573
489,261,560.0969848632812,3076.071565613248
490,280,48.39194107055664,2276.658751178814
491,505,944.6544189453125,1198.6185360229294
492,266,490.1523132324219,2516.605988552963
493,521,953.4444580078125,1148.2840220719595
494,2211,1725.337890625,2757.7644934978703
495,207,193.96633911132812,390.641069589077
496,4,396.8655700683594,1110.7988620933543
497,264,250.2109375,5024.190763106737
498,20,10.104788780212402,1111.365902530685
499,4618,4572.1298828125,6007.390263199167
500,726,1141.4425048828125,2317.242242588114
501,1599,1835.3411865234375,2208.390483997732
502,136,557.0038452148438,1384.5657836095636
503,5222,4510.890625,5700.5960612954905
504,22,8.898221015930176,3260.6090095943746
505,717,1025.0650634765625,2885.152917085572
506,1830,884.6594848632812,1683.1827847350385
507,188,293.31585693359375,778.4480586846863
508,87735,130484.3359375,126590.19123582152
509,150741,130514.1640625,129516.06196485907
510,292867,281351.25,265779.0360891665
511,22,437.5357360839844,1752.988355237715
512,2150,1635.820556640625,2574.9408673616017
513,214,176.379638671875,475.20473510658496
514,761,1581.6942138671875,4142.420753186409
515,294946,272379.78125,269070.37376464123
516,10029,10457.072265625,10121.755114681671
517,1757,1605.159423828125,2036.8574257570242
518,3111,3667.986572265625,7208.102057445162
519,4,351.9642333984375,2389.909308627384
520,3015,3156.921142578125,5761.4644326296175
521,22,201.84771728515625,1393.2701477998824
522,77,182.516357421875,458.14792586129664
523,287,339.9282531738281,2809.380280837902
524,10629,10340.2509765625,10190.632512971091
525,561,732.9766235351562,1102.5280834444256
526,5,474.88677978515625,1044.3207836153574
527,68,193.96633911132812,451.49598223120364
528,3262,3392.071044921875,4015.785179262244
529,31045,28957.375,45863.640365285086
530,273,458.6913757324219,2421.803087399216
531,21,17.479480743408203,1295.3352414645326
532,23,282.1271057128906,4043.383900453017
533,1153,557.0038452148438,1343.8344150661273
534,292942,293284.96875,257640.3073253018
535,799,839.4653930664062,2246.3094729928
536,104,102.02403259277344,589.9884597080016
537,786,1174.6513671875,3546.1945405039223
538,90,610.014892578125,577.1105475817989
539,5342,4444.23876953125,5512.820089347068
540,292,154.49278259277344,4320.940427913981
541,290283,289054.875,278069.87421534746
542,174042,133535.015625,129820.17755477331
543,71,218.20565795898438,723.3750951268827
544,719,1050.7813720703125,2024.618788687281
545,5,326.9210510253906,917.7273960143473
546,730,1083.694580078125,2522.2156630134077
547,10591,9955.974609375,9667.636631366118
548,133,858.9811401367188,1400.402730083979
549,1755,1360.826904296875,3793.4804864017565
550,21,395.3963928222656,1640.6252900600289
551,877,1389.327392578125,2740.0653130929377
552,23,-121.29452514648438,676.2485726442152
553,4,338.698486328125,1168.1568638375134
554,477,621.5457763671875,1543.5280641777745
555,305042,296494.5625,271542.1604995258
556,689,1861.908447265625,2776.058565892836
557,5,511.3381652832031,1367.4329551282112
558,3031,3540.383544921875,6185.613099169633
559,3218,3453.31103515625,6334.575641774237
560,752,767.3172607421875,2215.808814195559
561,300205,274571.1875,266742.870348472
562,758,950.4468383789062,2261.6300127616028
563,3289,3454.1865234375,7516.237309831895
564,281,-1620.4530029296875,2806.516408733502
565,284481,271676.59375,260593.87963916993
566,295409,272434.625,269565.43143825996
567,281527,275860.03125,265134.1209732999
568,297505,281494.5,272153.5595067239
569,21,818.755615234375,2166.7376691204536
570,6168,4414.8232421875,5253.879110712499
571,258,623.359130859375,2621.35505183844
572,22,-358.58642578125,3343.377082772507
573,22,-77.04066467285156,1334.7380574757008
574,10831,10342.1455078125,10124.773494825218
575,1094,853.7306518554688,1039.187492784861
576,257,533.044677734375,1519.5660998483318
577,291169,275524.90625,269216.4753180881
578,3098,3478.89501953125,4992.307065152159
579,3241,2132.017578125,6057.5160742966455
580,3051,3403.793701171875,6415.203157162934
581,251,379.70819091796875,1832.1608473704712
582,2998,3259.380859375,7412.6323956445885
583,304155,287992.6875,265307.4848649039
584,161059,129564.0625,128576.40819727286
585,10006,10185.5419921875,9928.004000253102
586,1475,1596.69580078125,2031.19823860175
587,22,-7.956686973571777,943.2491495706589
588,22,510.3123474121094,675.016466902481
589,798,716.6884765625,3281.233256117463
590,249,702.7307739257812,1796.9106063912336
591,260,-2017.2958984375,3087.41142392128
592,5669,3929.60400390625,5375.788254326092
593,31032,34072.5546875,41822.67021273924
594,26,173.3428955078125,2851.515364937608
595,4696,4236.9443359375,5770.993605401342
596,3140,3342.850830078125,5817.02113413547
597,124,-55.78953552246094,1526.3473490627223
598,2019,1003.4848022460938,3055.902609293445
599,283,-63.52954864501953,2490.6235270939437
600,122895,129149.4296875,127498.24272051844
601,736,1233.9188232421875,3574.8964774877695
602,1622,1599.333251953125,1985.988063455331
603,2428,1752.8778076171875,3268.417678400904
604,2994,3222.493896484375,4125.948509245892
605,756,1314.97412109375,2665.839575502012
606,1539,1592.8779296875,1931.8991059938621
607,921,654.769287109375,4080.9483825825378
608,24,282.1271057128906,4316.1197298504
609,3141,3453.31103515625,6327.931444074517
610,94,588.1192016601562,802.7337994031083
611,6942,3872.47021484375,9943.180295615222
612,24,-159.63330078125,828.7343832847154
613,256,75.28067016601562,1487.8555848361295
614,168574,130964.8203125,128786.94800877846
615,261,479.9078369140625,2686.9014368161156
616,141756,134337.375,128891.06725661868
617,22,104.55966186523438,1102.772736436102
618,294465,276316.46875,268844.87257545354
619,268,576.0050659179688,2503.5865609610596
620,813,1215.09423828125,2263.3941088644856
621,11477,10773.1162109375,10290.558400830017
622,4,520.0374755859375,1113.04834077397
623,258,-2008.505859375,1709.2184801232552
624,371,-389.1141662597656,1429.1216701118688
625,2977,2889.725830078125,6884.0979132185485
626,162063,135183.484375,129597.40018104228
627,23,-432.4514465332031,3954.355110655572
628,2998,3690.806640625,4633.335936131436
629,31245,33580.03515625,41594.26116950766
630,31151,36467.4765625,45553.602569083436
631,823,1782.5400390625,2630.8980338448714
632,9089,3388.08544921875,5336.212156275125
633,22,415.3337707519531,1367.75550529417
634,3194,3292.5146484375,8144.382845512003
635,807,1100.2930908203125,2732.535880395339
636,170670,129792.5,128064.14810959178
637,792,765.9708862304688,2898.2354842099126
638,286583,278542.0625,269168.6688840902
639,31159,30019.654296875,42735.16906973595
640,672,1934.2164306640625,3114.5444573256495
641,31076,29844.94921875,43732.01323063913
642,261,-63.52954864501953,1903.4775245402805
643,3154,1292.013671875,5165.523006527694
644,608,987.9800415039062,1098.045866384797
645,729,1013.8549194335938,3755.163113014837
646,790,680.2371826171875,3042.6237957957064
647,2063,1620.7125244140625,2285.5037727229806
648,10381,10945.978515625,10290.99061160395
649,36840,30904.6640625,40088.77299783051
650,2099,4414.8232421875,5249.194327343195
651,21,-7.956686973571777,941.8028767190934
652,37207,35012.0234375,41624.78144394254
653,150,702.7307739257812,1997.6690812828624
654,124983,133385.03125,128606.07810525382
655,782,1201.0052490234375,2648.2759647289213
656,284735,276107.15625,269547.16371603974
657,291986,275706.46875,268655.45068358805
658,775,1153.6392822265625,2690.0351807061083
659,135565,135449.234375,129792.93482842912
660,254,-150.5610809326172,3225.778640969868
661,301,641.6373291015625,3792.765649745618
662,250,611.9091186523438,2619.816211503513
663,11739,10295.455078125,10063.644402064958
664,284,589.9659423828125,3786.716934649023
665,149,855.7390747070312,1750.415950559793
666,22,131.9031219482422,4024.710198446491
667,285857,290309.53125,264201.93372671824
668,22,-68.1332015991211,3304.0490224108175
669,724,942.3827514648438,2207.0587197857303
670,25,781.8582763671875,3383.376626974557
671,24,143.6805877685547,4049.5398609612007
672,7415,4444.23876953125,5111.829987224261
673,293987,290253.8125,264686.8885153039
674,83,218.20565795898438,684.4233582189895
675,23,18.79973602294922,3026.304863447948
676,536,736.9071044921875,1099.3029242762575
677,393429,349670.75,275595.18319686066
678,1499,1541.318603515625,2167.9696506141822
679,264,-63.52954864501953,2751.515051117474
680,293820,271588.21875,269209.68779083405
681,23,28.92950439453125,1132.6407819266724
682,90091,134591.578125,129057.22019036052
683,805,734.8837280273438,1244.140466435514
684,1602,1808.0242919921875,2011.3521690867842
685,747,1476.70458984375,2545.5539306313553
686,2836,4202.31103515625,6510.570182907803
687,150,855.7390747070312,1445.4042448265893
688,3050,3667.986572265625,5621.527235632028
689,6522,3777.15869140625,5330.632004564626
690,264,471.32769775390625,1991.1128529309055
691,292306,273177.3125,269707.55107615696
692,6230,4301.48486328125,5396.446793740238
693,258,603.4218139648438,2621.435399249549
694,4,520.0374755859375,793.374730970086
695,268,339.9282531738281,2548.1304664071567
696,22,-355.32598876953125,1568.1372387746417
697,750,1095.47216796875,3531.245727751257
698,22,818.755615234375,2552.7586048447733
699,80,-6.421645164489746,517.3970973146222
700,32640,30602.36328125,41181.19265488873
701,23,-126.92730712890625,827.2427964464674
702,71,696.8317260742188,887.5842340441793
703,746,680.2371826171875,2878.187075266401
704,86,429.0798645019531,485.5212855777617
705,6236,3989.863525390625,5860.095134943067
706,2950,3269.3251953125,4837.0931687230395
707,254,321.10357666015625,2256.3702433434805
708,290977,292328.09375,274775.7730914133
709,160112,276371.3125,270007.1272619013
710,137898,133042.546875,130129.15448472147
711,679,1630.6561279296875,2424.115107555627
712,4,-298.1562805175781,1050.326349239485
713,273,533.044677734375,2970.045993020053
714,3031,4261.3486328125,6696.419962417974
715,150889,132174.59375,127719.80571484841
716,11777,10146.8310546875,9911.48774512066
717,3079,3613.5703125,4600.3656737810325
718,110,209.1345672607422,3434.5936147154434
719,23,-264.15863037109375,849.4863203746653
720,125060,125142.6796875,127687.62163325596
721,1962,1758.547119140625,3291.636189186696
722,1716,964.3464965820312,2610.706565557643
723,265,-1571.21923828125,3400.2005402670593
724,284383,276699.78125,269735.8370620327
725,143,769.4633178710938,1494.175040551158
726,69,215.56614685058594,1134.6566932295204
727,276,645.5611572265625,3619.841737051967
728,753,1233.9188232421875,3173.2985662399033
729,2931,3269.3251953125,6498.2689731132405
730,293551,288636.53125,258841.60069436958
731,629,987.9800415039062,1112.57972131745
732,768,1082.2257080078125,2676.270066619397
733,784,1016.4403686523438,2333.6582195480646
734,777,853.6261596679688,4040.4025965699057
735,1665,1863.5369873046875,2232.4071796158137
736,4,-393.08135986328125,1370.423366163793
737,254,86.73068237304688,1490.0117560756178
738,40842,35839.82421875,44636.80172575046
739,83,504.53173828125,812.5143574119088
740,9873,10357.69921875,10098.725778841594
741,155659,129414.0703125,127633.93171013262
742,759,1050.7813720703125,2324.720911667839
743,5408,4747.798828125,5526.394578471535
744,127,916.1832275390625,1422.7672029276707
745,85,440.1575927734375,578.8052295295699
746,616,638.5842895507812,1087.7628510844113
747,255,95.69863891601562,2296.6841314548974
748,22,93.44041442871094,1701.9489721668642
749,21,71.62911987304688,1389.825642697688
750,2258,992.8511352539062,2624.429060525777
751,293017,292015.46875,262836.51155028166
752,124603,128676.5078125,127921.61773326613
753,737,1582.9290771484375,4350.017390679576
754,10283,9528.734375,10288.758776413792
755,34230,39663.44921875,45332.14041670926
756,11140,10699.9560546875,10238.684099819091
757,287562,290684.78125,263797.3980370826
758,9781,10292.392578125,9735.909934289195
759,2145,1854.3367919921875,2128.3970981878056
760,737,1349.416015625,3027.0024476213016
761,294123,286106.34375,277067.79358928907
762,855,1116.0228271484375,2793.0685072684573
763,789,1138.2000732421875,2906.8689236795517
764,4,221.64105224609375,1148.189704156139
765,125003,134450.890625,129956.67181351029
766,2140,4705.630859375,5290.867229445073
767,5,520.0374755859375,890.0285321238734
